Nom,cible,Prediction_moyenne,IC_bas,IC_haut
Amidon de maïs,0,3639.3646138509116,3481.6483764648438,3853.2817810058596
Amidon de maïs,1,3473.3437723795573,3185.390032958984,3725.5894897460935
Amidon de maïs,2,3430.306679280599,3086.60244140625,3672.685906982422
Amidon de maïs,3,2799.4955139160156,2547.3958129882812,2915.3049560546874
Amidon de maïs,4,3419.326763916016,2833.5239135742186,3627.9074584960936
Amidon de maïs,5,3445.989717610677,2989.8911071777343,3642.4801147460935
Amidon de maïs,6,1.163515975077947,1.0382906347513199,1.2563865542411803
Amidon de maïs,7,1.2344170063734055,1.1045090198516845,1.3068564593791963
Amidon de maïs,8,11.468317254384358,3.0352023601531983,22.67943520545959
Amidon de maïs,9,62.85489619572957,51.50321130752563,76.50500164031982
Amidon de maïs,10,-77.09808174769084,-88.82581272125245,-59.95835256576538
Avoine ,0,4068.980037660952,3919.025250244141,4253.532983398437
Avoine ,1,2679.6016061288337,2446.1559875488283,2837.143280029297
Avoine ,2,2579.8540701406973,2358.691162109375,2712.0805541992186
Avoine ,3,1942.6906593605324,1753.1317993164062,2037.053088378906
Avoine ,4,2427.3941987214266,2143.687744140625,2617.269091796875
Avoine ,5,2303.6524909125433,2037.2901092529296,2485.103448486327
Avoine ,6,0.8848536911937925,0.8095967769622803,0.947495327889919
Avoine ,7,0.8471001110695027,0.7585797190666199,0.9213401168584823
Avoine ,8,18.253440881658484,14.926163530349731,22.72634310722351
Avoine ,9,64.8727767308553,59.32824516296387,71.59090423583983
Avoine ,10,-11.033777371424906,-25.07476177215576,5.301486253738402
Blé tendre ,0,3752.5425495186237,3665.3694580078127,3942.66484375
Blé tendre ,1,3263.623851306029,3206.1043334960937,3394.7506713867188
Blé tendre ,2,3168.5087057094383,3113.61279296875,3289.535711669922
Blé tendre ,3,2483.3170814591226,2449.60986328125,2559.86376953125
Blé tendre ,4,2946.8227605646307,2897.784033203125,2985.30810546875
Blé tendre ,5,2833.5908486722697,2783.6953125,2869.971081542969
Blé tendre ,6,1.0301554361377099,1.0135859251022339,1.067918023467064
Blé tendre ,7,1.0473461383520954,1.0317866802215576,1.0828014612197876
Blé tendre ,8,22.13027446823891,19.665206909179688,24.853000354766845
Blé tendre ,9,74.35144848293729,71.20425834655762,78.16020259857177
Blé tendre ,10,-20.573579995319097,-32.90493993759155,-10.105594515800478
Concentré protéique de luzerne ,0,4830.875766410079,4604.13037109375,5035.379357910156
Concentré protéique de luzerne ,1,3754.9504777496936,3644.377294921875,3872.8622985839843
Concentré protéique de luzerne ,2,3427.7200671626074,3305.2622619628905,3535.5822570800783
Concentré protéique de luzerne ,3,2210.6233975279565,2133.1680114746096,2304.4775451660157
Concentré protéique de luzerne ,4,2712.8271852979474,2562.005303955078,2835.7546447753907
Concentré protéique de luzerne ,5,2711.07168303845,2580.9244750976563,2821.3275939941404
Concentré protéique de luzerne ,6,1.361024829453113,1.272362306714058,1.4364313453435897
Concentré protéique de luzerne ,7,1.3906562911529168,1.2847420036792756,1.461614865064621
Concentré protéique de luzerne ,8,331.8082356322045,248.94804191589355,356.78217086791994
Concentré protéique de luzerne ,9,372.51698208977194,275.0768218994141,398.0310363769531
Concentré protéique de luzerne ,10,76.11907683353797,63.691616249084475,85.76937656402588
Concentré protéique de soja,0,4589.244476052989,4352.978112792969,5008.375952148437
Concentré protéique de soja,1,4098.535580488564,3805.5905334472654,4643.103796386718
Concentré protéique de soja,2,3701.6639867810236,3456.228515625,4155.293774414063
Concentré protéique de soja,3,2246.9223742498866,2151.666784667969,2466.295520019531
Concentré protéique de soja,4,2808.382799054574,2385.680389404297,3635.325958251953
Concentré protéique de soja,5,2768.70147545856,2305.1709716796877,3621.366510009765
Concentré protéique de soja,6,1.2370953606522601,1.1791698545217515,1.3291667580604554
Concentré protéique de soja,7,1.2508142930873927,1.1930238872766494,1.3463671207427979
Concentré protéique de soja,8,211.12428323496943,168.3275203704834,288.75596771240237
Concentré protéique de soja,9,260.5123242585555,219.26535034179688,335.59944915771484
Concentré protéique de soja,10,324.88440014383065,242.41414527893068,478.8107780456543
Coproduits de biscuiterie ,0,4362.155967203776,3063.291192626953,4811.9217529296875
Coproduits de biscuiterie ,1,3921.0410831996373,2220.982452392578,4746.629968261718
Coproduits de biscuiterie ,2,3836.528212629046,2182.5499572753906,4645.945812988281
Coproduits de biscuiterie ,3,2954.391606212798,1800.70927734375,3562.884350585937
Coproduits de biscuiterie ,4,3265.101347714379,1774.9739929199218,3789.0622131347654
Coproduits de biscuiterie ,5,3171.48672921317,1668.950033569336,3696.184326171875
Coproduits de biscuiterie ,6,1.19527109144699,0.8574055716395378,1.4412826240062713
Coproduits de biscuiterie ,7,1.2150261735632306,0.8272676125168801,1.4973490923643111
Coproduits de biscuiterie ,8,21.692923499289012,12.658306956291199,38.712345123291016
Coproduits de biscuiterie ,9,73.21664092200143,55.595510959625244,84.98879928588867
Coproduits de biscuiterie ,10,-25.695079011966786,-50.25394897460937,34.7291615486145
Coques de sarrasin,0,4062.0142815840873,3950.0545349121094,4145.144934082031
Coques de sarrasin,1,1252.7513816967346,955.7340423583985,1693.9890106201167
Coques de sarrasin,2,1159.939804826703,892.7509719848633,1589.6611816406244
Coques de sarrasin,3,561.0153823852539,367.0956199645996,849.7223510742188
Coques de sarrasin,4,467.5164854216994,365.24708099365233,653.7107360839841
Coques de sarrasin,5,461.0146596005088,370.15844879150393,648.684696960449
Coques de sarrasin,6,0.4639415292101994,0.4395085841417313,0.4796966582536697
Coques de sarrasin,7,0.35918731932577336,0.3363995410501957,0.37580174133181554
Coques de sarrasin,8,10.860068289857162,6.232751846313477,23.519024085998527
Coques de sarrasin,9,48.6182993504039,43.87297401428223,60.58589706420898
Coques de sarrasin,10,-35.04971128072132,-48.99925374984741,1.0234079539775809
Coques de soja ,0,3878.9713462679993,3748.153680419922,4129.440783691406
Coques de soja ,1,1979.7947112438726,1853.251382446289,2259.904119873047
Coques de soja ,2,1857.3769216500077,1749.4475372314453,2129.5783203124997
Coques de soja ,3,1036.6566181856044,950.3248886108398,1226.9969329833982
Coques de soja ,4,863.2437751321231,741.4636840820312,1115.6501434326171
Coques de soja ,5,845.4717733944163,734.423127746582,1081.389532470703
Coques de soja ,6,0.9424756531621895,0.9195230677723885,1.008681309223175
Coques de soja ,7,0.928306601561752,0.9023718476295471,0.9827693328261375
Coques de soja ,8,32.41534409616508,26.260185289382935,45.891467285156246
Coques de soja ,9,83.37389901105095,77.42586822509766,94.02199306488035
Coques de soja ,10,-28.880752071446064,-40.52892551422119,3.488924878835675
Corn gluten feed ,0,3964.3729990969423,3833.323907470703,4406.300061035156
Corn gluten feed ,1,2529.7376165574597,2396.64208984375,2782.143731689453
Corn gluten feed ,2,2384.4492368636593,2252.6739807128906,2639.7314697265624
Corn gluten feed ,3,1602.5458704794607,1505.991943359375,1780.0372619628906
Corn gluten feed ,4,1810.2444871471773,1708.4635009765625,2002.0504180908201
Corn gluten feed ,5,1770.0917387275285,1666.3411865234375,1944.011880493164
Corn gluten feed ,6,0.9891365214701622,0.951383113861084,1.1046816259622574
Corn gluten feed ,7,0.9818203201857946,0.9405804827809334,1.0831606388092039
Corn gluten feed ,8,47.48325559144379,43.237363243103026,71.85693912506103
Corn gluten feed ,9,96.6617052385884,92.26120586395264,117.3106775283813
Corn gluten feed ,10,45.076384066509945,35.10642595291138,66.17770385742188
Corn gluten meal ,0,4972.037310947516,4811.905310058593,5319.134472656249
Corn gluten meal ,1,4453.262439903846,4116.415954589844,4612.327966308594
Corn gluten meal ,2,4103.626106457833,3874.927838134766,4227.023474121093
Corn gluten meal ,3,2528.278869941907,2430.603479003906,2642.1417907714845
Corn gluten meal ,4,3618.652560659555,3536.8550659179687,3757.1773681640625
Corn gluten meal ,5,3584.1592939327925,3501.0276306152346,3719.432080078125
Corn gluten meal ,6,1.4834151217570672,1.4324224203824998,1.5395184457302094
Corn gluten meal ,7,1.5362681353703522,1.4769029200077057,1.594352015852928
Corn gluten meal ,8,378.369139451247,342.77405471801757,417.56394958496094
Corn gluten meal ,9,421.41830084385015,388.3978729248047,459.34610137939455
Corn gluten meal ,10,106.0379028515938,80.55380592346191,133.9319194793701
Drêches d'orge de brasserie déshydratées,0,4294.935176964962,3820.454473876953,4705.74755859375
Drêches d'orge de brasserie déshydratées,1,2416.1447916666666,2135.916326904297,2688.0205383300777
Drêches d'orge de brasserie déshydratées,2,2234.7657415216618,1947.8378845214843,2491.946875
Drêches d'orge de brasserie déshydratées,3,1467.3818422259706,1190.766180419922,1629.8875671386718
Drêches d'orge de brasserie déshydratées,4,1890.5915741891572,1663.2455078125,2144.0841674804688
Drêches d'orge de brasserie déshydratées,5,1842.8487718986742,1658.4464477539063,2084.264794921875
Drêches d'orge de brasserie déshydratées,6,0.8583906618031588,0.7281991586089134,0.9304731041193008
Drêches d'orge de brasserie déshydratées,7,0.8052634378274282,0.65787493288517,0.8851201459765433
Drêches d'orge de brasserie déshydratées,8,104.29166574189158,81.92435703277587,135.07635536193845
Drêches d'orge de brasserie déshydratées,9,147.50299856012518,123.8284812927246,178.0455497741699
Drêches d'orge de brasserie déshydratées,10,25.427544643188064,-7.294434690475464,78.27784690856933
"Drêches de blé de distillerie, amidon < 7 % ",0,4507.999262491862,4405.859704589844,4655.870288085937
"Drêches de blé de distillerie, amidon < 7 % ",1,3041.115882364909,2857.864990234375,3201.068743896484
"Drêches de blé de distillerie, amidon < 7 % ",2,2821.256204732259,2671.7905090332033,2981.919561767578
"Drêches de blé de distillerie, amidon < 7 % ",3,1776.3620277404784,1673.088217163086,1887.764581298828
"Drêches de blé de distillerie, amidon < 7 % ",4,2331.465348561605,2202.9647827148438,2480.904656982422
"Drêches de blé de distillerie, amidon < 7 % ",5,2285.365645345052,2151.367706298828,2414.5183044433593
"Drêches de blé de distillerie, amidon < 7 % ",6,0.9860602086409926,0.9398145645856857,1.028020292520523
"Drêches de blé de distillerie, amidon < 7 % ",7,0.9444128851716717,0.8960371166467667,0.9877295970916748
"Drêches de blé de distillerie, amidon < 7 % ",8,83.05301339626313,68.62965087890625,93.28335819244384
"Drêches de blé de distillerie, amidon < 7 % ",9,131.04386336803435,116.14483585357667,140.2473949432373
"Drêches de blé de distillerie, amidon < 7 % ",10,135.53190234502156,103.16861820220947,163.32843132019042
"Drêches de blé de distillerie, amidon > 7 % ",0,4476.053767322359,4369.19775390625,4597.59521484375
"Drêches de blé de distillerie, amidon > 7 % ",1,3176.375152297247,3027.231237792969,3279.3227111816404
"Drêches de blé de distillerie, amidon > 7 % ",2,2970.7662440708705,2847.8017578125,3070.527722167969
"Drêches de blé de distillerie, amidon > 7 % ",3,1935.8340686616443,1870.2820831298827,2004.2918029785155
"Drêches de blé de distillerie, amidon > 7 % ",4,2522.1188691638763,2411.1565673828127,2640.285754394531
"Drêches de blé de distillerie, amidon > 7 % ",5,2475.7651218959263,2374.2341796875,2591.7256042480467
"Drêches de blé de distillerie, amidon > 7 % ",6,1.0089551105385735,0.9761320993304252,1.044818651676178
"Drêches de blé de distillerie, amidon > 7 % ",7,0.9758714927094323,0.9391704693436622,1.0063773393630981
"Drêches de blé de distillerie, amidon > 7 % ",8,63.44973132269723,57.31782150268555,72.28495445251465
"Drêches de blé de distillerie, amidon > 7 % ",9,113.14870987846737,107.38091278076172,120.69743499755859
"Drêches de blé de distillerie, amidon > 7 % ",10,129.312577801659,111.21611976623535,158.25740280151365
"Drêches de maïs de distillerie avec solubles, déshydratées, huile < 6 %, protéines < 30 %",0,4006.4661966959634,3913.3687438964844,4258.15146484375
"Drêches de maïs de distillerie avec solubles, déshydratées, huile < 6 %, protéines < 30 %",1,2887.7710257393974,2831.948486328125,2955.870751953125
"Drêches de maïs de distillerie avec solubles, déshydratées, huile < 6 %, protéines < 30 %",2,2713.204945010231,2657.8015380859374,2778.778912353516
"Drêches de maïs de distillerie avec solubles, déshydratées, huile < 6 %, protéines < 30 %",3,1749.9878319149925,1696.4910766601563,1813.271792602539
"Drêches de maïs de distillerie avec solubles, déshydratées, huile < 6 %, protéines < 30 %",4,2136.2639353434247,2012.4635284423828,2222.705322265625
"Drêches de maïs de distillerie avec solubles, déshydratées, huile < 6 %, protéines < 30 %",5,2093.620909336635,1973.4415283203125,2176.1277099609374
"Drêches de maïs de distillerie avec solubles, déshydratées, huile < 6 %, protéines < 30 %",6,1.0076323997406733,0.9709276556968689,1.0520958483219147
"Drêches de maïs de distillerie avec solubles, déshydratées, huile < 6 %, protéines < 30 %",7,1.002261738833927,0.9615859135985374,1.039692997932434
"Drêches de maïs de distillerie avec solubles, déshydratées, huile < 6 %, protéines < 30 %",8,93.88659214746384,81.84718647003174,101.51351165771484
"Drêches de maïs de distillerie avec solubles, déshydratées, huile < 6 %, protéines < 30 %",9,141.49581744784402,125.88831577301025,149.24847335815429
"Drêches de maïs de distillerie avec solubles, déshydratées, huile < 6 %, protéines < 30 %",10,50.6477209840502,34.183624839782716,61.645761489868164
"Drêches de maïs de distillerie avec solubles, déshydratées, huile > 6 %",0,4552.431141927083,4335.353540039063,4734.320422363281
"Drêches de maïs de distillerie avec solubles, déshydratées, huile > 6 %",1,3321.0282379557293,3143.409844970703,3484.5184692382813
"Drêches de maïs de distillerie avec solubles, déshydratées, huile > 6 %",2,3123.489857421875,2969.112548828125,3257.5242004394527
"Drêches de maïs de distillerie avec solubles, déshydratées, huile > 6 %",3,2100.255537109375,2004.0557037353515,2177.6783447265625
"Drêches de maïs de distillerie avec solubles, déshydratées, huile > 6 %",4,2604.675378255208,2483.9153686523437,2713.475830078125
"Drêches de maïs de distillerie avec solubles, déshydratées, huile > 6 %",5,2541.357097330729,2417.4674072265625,2641.442492675781
"Drêches de maïs de distillerie avec solubles, déshydratées, huile > 6 %",6,1.2109454690615336,1.1238124370574951,1.2568929761648178
"Drêches de maïs de distillerie avec solubles, déshydratées, huile > 6 %",7,1.2227565140724181,1.1161992341279983,1.2751817882061005
"Drêches de maïs de distillerie avec solubles, déshydratées, huile > 6 %",8,104.32205479939779,82.79820899963379,113.97986392974853
"Drêches de maïs de distillerie avec solubles, déshydratées, huile > 6 %",9,153.1711364440918,130.60475158691406,161.83357353210448
"Drêches de maïs de distillerie avec solubles, déshydratées, huile > 6 %",10,65.91407416788736,50.240298652648924,80.19241828918457
Farine basse de blé tendre ,0,3964.3078949416895,3859.0125122070312,4319.174548339844
Farine basse de blé tendre ,1,3660.2325542062954,3572.0966857910157,3997.302374267578
Farine basse de blé tendre ,2,3552.4028380463087,3451.4970703125,3916.1492919921875
Farine basse de blé tendre ,3,2745.4809743687724,2637.8949768066404,3090.50244140625
Farine basse de blé tendre ,4,3071.0740595278535,2938.72353515625,3456.956719970703
Farine basse de blé tendre ,5,2962.3972773012906,2834.1330322265626,3332.2345642089845
Farine basse de blé tendre ,6,1.0588976209578307,1.0358669131994247,1.1478301584720612
Farine basse de blé tendre ,7,1.0681553075279016,1.0427947252988816,1.1660345822572709
Farine basse de blé tendre ,8,28.60090157882027,21.893125343322755,36.57197198867798
Farine basse de blé tendre ,9,79.59840536808622,76.0006332397461,86.51194019317627
Farine basse de blé tendre ,10,5.2615511568344155,-26.77016043663025,29.852795982360835
Farine basse de riz,0,4322.535782398897,3929.1403686523436,4572.841662597656
Farine basse de riz,1,3417.528688438266,3041.1767578125,3649.6678100585937
Farine basse de riz,2,3306.3848651960784,2991.101806640625,3543.857293701172
Farine basse de riz,3,2547.666537176394,2260.925048828125,2731.6556457519528
Farine basse de riz,4,2884.174196250766,2615.1797485351562,3093.0180419921876
Farine basse de riz,5,2790.473226629519,2546.405352783203,2985.965313720703
Farine basse de riz,6,1.0031684626551236,0.8916756391525269,1.0968486547470093
Farine basse de riz,7,0.9725457133031359,0.8183215081691743,1.073754945397377
Farine basse de riz,8,35.59177648132923,24.089243984222414,45.20935201644896
Farine basse de riz,9,80.12617359535366,70.64911613464355,87.85000534057616
Farine basse de riz,10,0.8956704124534393,-28.96586408615112,21.129977321624754
Farine de gousse de caroube,0,3592.5696341145836,3169.9259521484373,3885.061730957031
Farine de gousse de caroube,1,1614.9503597005207,1383.2311096191406,1841.4320831298828
Farine de gousse de caroube,2,1561.4097104492187,1304.7622497558593,1770.9399688720703
Farine de gousse de caroube,3,1124.4101037597657,950.2766937255859,1266.4636474609374
Farine de gousse de caroube,4,1503.3895587565105,1377.502737426758,1623.2687103271485
Farine de gousse de caroube,5,1501.5864287109375,1373.8973846435547,1610.8582733154296
Farine de gousse de caroube,6,0.5621098576784134,0.5008479535579682,0.6223860815167427
Farine de gousse de caroube,7,0.48638475394248964,0.43032321855425837,0.5415652841329575
Farine de gousse de caroube,8,10.893298636754354,8.881768655776977,13.503006529808044
Farine de gousse de caroube,9,52.916209325154625,45.460070514678954,56.97204532623291
Farine de gousse de caroube,10,-53.265556391398114,-60.774815273284915,-45.6315019607544
Farine de plumes,0,5154.41003499349,4887.828271484375,5450.094909667969
Farine de plumes,1,4021.5164396158852,3855.951202392578,4251.649096679687
Farine de plumes,2,3616.953867594401,3460.3579040527343,3832.241796875
Farine de plumes,3,2175.677696940104,2057.4491943359376,2366.115576171875
Farine de plumes,4,2546.7986606852214,2232.4045532226564,2847.2435546875
Farine de plumes,5,2547.923474121094,2276.0792724609373,2848.6819458007812
Farine de plumes,6,1.090819238225619,1.0298737347126008,1.1662051916122436
Farine de plumes,7,1.0370988886555035,0.9866183996200562,1.1080706924200059
Farine de plumes,8,424.58612208048504,383.78122329711914,471.44931869506837
Farine de plumes,9,459.2004318745931,419.9941780090332,505.02158508300784
Farine de plumes,10,202.44052879333495,174.5034580230713,231.2178943634033
Farine de poisson (toutes) ,0,4531.525012207031,4190.578662109375,4695.832141113281
Farine de poisson (toutes) ,1,3821.6722613299335,3419.6212524414063,4006.572277832031
Farine de poisson (toutes) ,2,3494.891906060113,3144.599334716797,3657.3305236816404
Farine de poisson (toutes) ,3,2169.8681297019675,1851.050732421875,2299.19169921875
Farine de poisson (toutes) ,4,3187.275843189381,2773.3454528808593,3343.1484375
Farine de poisson (toutes) ,5,3100.9915879991318,2667.9563415527346,3263.17275390625
Farine de poisson (toutes) ,6,1.2751841633408159,1.1473327696323394,1.3408284515142441
Farine de poisson (toutes) ,7,1.3043599210403585,1.1647369027137757,1.3727166324853897
Farine de poisson (toutes) ,8,235.2842835249724,120.65846462249756,293.5191429138183
Farine de poisson (toutes) ,9,277.11745394953977,156.28546066284179,334.70732269287106
Farine de poisson (toutes) ,10,203.69971594280668,89.89850082397462,267.75560455322267
Farine de viande (toutes) ,0,3971.5862888299853,3579.0490661621093,4694.411938476563
Farine de viande (toutes) ,1,2814.0718894159227,2355.935479736328,3699.54697265625
Farine de viande (toutes) ,2,2548.419371047247,2122.3603698730467,3311.3721557617187
Farine de viande (toutes) ,3,1705.672091703869,1416.5612243652345,2152.108752441406
Farine de viande (toutes) ,4,2736.4676218377977,2457.4279235839845,3150.449987792969
Farine de viande (toutes) ,5,2668.018770926339,2389.4828125,3068.454638671875
Farine de viande (toutes) ,6,0.9134409140972864,0.8022846087813378,1.0873078852891922
Farine de viande (toutes) ,7,0.8904213869004023,0.7767045244574546,1.0645901054143905
Farine de viande (toutes) ,8,196.76509858630953,162.63336563110352,262.69142990112306
Farine de viande (toutes) ,9,236.29487202962238,202.06027183532714,304.5589660644531
Farine de viande (toutes) ,10,200.40975835890998,171.4762840270996,277.17078399658203
Farine fourragère de maïs,0,4088.4912192954675,3927.403564453125,4304.623400878906
Farine fourragère de maïs,1,3201.49991180145,2793.6906799316407,3407.3353088378894
Farine fourragère de maïs,2,3108.592094022734,2688.1972900390624,3325.569104003906
Farine fourragère de maïs,3,2421.015367882531,2064.1563110351562,2597.1826171875
Farine fourragère de maïs,4,2894.2209754187784,2499.822058105469,3054.7088500976556
Farine fourragère de maïs,5,2827.043925957207,2423.3650085449217,3007.943115234375
Farine fourragère de maïs,6,1.1382123057906692,1.0453846275806427,1.1850919067859649
Farine fourragère de maïs,7,1.161365092982043,1.0572960793972015,1.2142343103885649
Farine fourragère de maïs,8,41.39082711365846,35.19252166748047,46.88153953552246
Farine fourragère de maïs,9,88.25456608952703,82.02095031738281,93.77999458312986
Farine fourragère de maïs,10,-43.79153340313886,-52.753153038024905,-34.93584575653076
Féverole à fleurs blanches ,0,3984.6816345214843,3709.782360839844,4470.386169433594
Féverole à fleurs blanches ,1,3409.9760294596354,3281.1070251464844,3624.483032226562
Féverole à fleurs blanches ,2,3227.7490173339843,3150.562145996094,3430.868212890625
Féverole à fleurs blanches ,3,2278.221643066406,2187.267822265625,2434.401593017578
Féverole à fleurs blanches ,4,2524.6941101074217,2421.65634765625,2858.155438232422
Féverole à fleurs blanches ,5,2446.9988220214846,2370.790075683594,2631.2880249023438
Féverole à fleurs blanches ,6,1.0750607614715895,1.0161564290523528,1.1893040686845777
Féverole à fleurs blanches ,7,1.0870076715946198,1.019080436229706,1.2105440378189083
Féverole à fleurs blanches ,8,51.954059807459515,33.71766471862793,64.18489608764648
Féverole à fleurs blanches ,9,101.85344727834065,84.99967746734619,115.53829021453858
Féverole à fleurs blanches ,10,120.75936985015869,90.34221839904785,142.45280418395996
Germes de maïs,0,5027.481259199501,4455.210473632813,5756.332739257812
Germes de maïs,1,3593.3865043308424,3015.307159423828,4271.2400390625
Germes de maïs,2,3480.264805182858,2923.556256103516,4135.441137695312
Germes de maïs,3,2834.23320666327,2376.658483886719,3421.747003173828
Germes de maïs,4,3190.150535694067,2731.232177734375,3750.429650878906
Germes de maïs,5,3075.219997947803,2641.270373535156,3590.0893005371095
Germes de maïs,6,1.440992938090062,1.2427895069122314,1.7682453215122222
Germes de maïs,7,1.478842574789904,1.261137804389,1.882130479812622
Germes de maïs,8,37.1094018853229,32.62510423660278,43.563412761688234
Germes de maïs,9,85.3294597459876,79.97267799377441,95.06405735015869
Germes de maïs,10,16.005784657273605,1.9493795275688173,33.35925102233887
"Gluten feed de blé, type 20% amidon ",0,4178.954335881375,4005.234063720703,4311.847607421875
"Gluten feed de blé, type 20% amidon ",1,2813.8326084882365,2700.0943298339844,2959.6691650390626
"Gluten feed de blé, type 20% amidon ",2,2663.1060889233117,2561.744744873047,2786.709368896484
"Gluten feed de blé, type 20% amidon ",3,1814.8982167912625,1755.5720275878907,1892.9722686767577
"Gluten feed de blé, type 20% amidon ",4,2202.3489033315373,2132.098388671875,2318.6510498046873
"Gluten feed de blé, type 20% amidon ",5,2151.101079831178,2081.5429504394533,2264.349609375
"Gluten feed de blé, type 20% amidon ",6,0.9880483579361575,0.9417150616645813,1.0219328999519348
"Gluten feed de blé, type 20% amidon ",7,0.9682350147729633,0.9233331352472305,1.0057703256607056
"Gluten feed de blé, type 20% amidon ",8,34.550496502580316,31.251462936401367,37.19217300415039
"Gluten feed de blé, type 20% amidon ",9,85.116874501897,81.74040222167969,87.92718391418457
"Gluten feed de blé, type 20% amidon ",10,22.307309533261705,14.13551993370056,29.285596704483034
Graine de colza,0,6387.175371184172,6182.89794921875,6544.548864746093
Graine de colza,1,5232.331700303819,4879.814916992187,5429.833984375
Graine de colza,2,5082.09111735026,4751.39306640625,5270.13603515625
Graine de colza,3,4056.8387977882667,3873.0656188964845,4178.105395507812
Graine de colza,4,3501.852619538484,3235.766912841797,3703.824072265625
Graine de colza,5,3259.7407172309026,3022.9251037597655,3436.2413940429688
Graine de colza,6,1.8692463772164452,1.7493467837572099,1.9658079683780667
Graine de colza,7,1.9279690824173115,1.7832506626844407,2.0404276847839355
Graine de colza,8,34.3610753165351,32.15154590606689,37.240135192871094
Graine de colza,9,80.63572735963044,77.6042688369751,84.09123229980467
Graine de colza,10,61.36756779352824,50.69333238601685,72.70474376678466
Graine de coton,0,5285.870157137784,4910.506823730469,5483.397314453125
Graine de coton,1,3105.223427389126,2826.835797119141,3385.943566894531
Graine de coton,2,2960.881409307923,2710.3571838378907,3200.21142578125
Graine de coton,3,2107.27516288372,1851.7668426513671,2300.10595703125
Graine de coton,4,2459.708048009391,2114.0859191894533,2746.106457519531
Graine de coton,5,2263.5385324189156,1961.7039794921875,2531.775665283203
Graine de coton,6,0.9667529767209834,0.879448689520359,1.0636035054922104
Graine de coton,7,0.8818981871460423,0.7882195875048638,0.9931127294898033
Graine de coton,8,43.64334740686898,36.30368709564209,56.43984603881836
Graine de coton,9,85.99275115042022,78.96661014556885,100.95623016357422
Graine de coton,10,58.17386697711367,33.279008102416995,86.81282958984374
Graine de lin ,0,6023.127281901042,5698.844470214844,6258.755554199219
Graine de lin ,1,4658.610966796875,4469.06201171875,4869.471142578125
Graine de lin ,2,4487.140924479167,4300.277124023438,4667.1690673828125
Graine de lin ,3,3581.404091796875,3438.359442138672,3780.3028259277344
Graine de lin ,4,4047.1485270182293,3750.4172607421874,4379.183386230468
Graine de lin ,5,3842.352579752604,3525.3162475585937,4179.971325683594
Graine de lin ,6,1.6637065164248148,1.5498563200235367,1.8036892592906952
Graine de lin ,7,1.6931797488530478,1.5922048360109329,1.843479722738266
Graine de lin ,8,43.36441474914551,37.644037914276126,53.665120697021486
Graine de lin ,9,89.21943517049154,82.97276496887207,98.61294727325439
Graine de lin ,10,70.31953859965006,53.89282646179199,89.84163093566895
Graine de soja extrudée ,0,4923.733563591452,4743.706115722656,5113.5671875
Graine de soja extrudée ,1,3790.541664273131,3619.284948730469,4006.1210510253904
Graine de soja extrudée ,2,3557.048356359145,3380.3762390136717,3739.830810546875
Graine de soja extrudée ,3,2619.3607764150584,2491.692175292969,2760.3821228027346
Graine de soja extrudée ,4,3272.3174823835784,3169.3339294433595,3383.0126953125
Graine de soja extrudée ,5,3169.8777805702357,3073.2072204589845,3276.439697265625
Graine de soja extrudée ,6,1.3248000051461013,1.284696340560913,1.3769216537475586
Graine de soja extrudée ,7,1.34154505332311,1.2960773348808288,1.3993703126907349
Graine de soja extrudée ,8,154.01644539178585,134.55666542053223,171.4524444580078
Graine de soja extrudée ,9,197.071809611601,178.73370361328125,213.68656196594236
Graine de soja extrudée ,10,98.7072010638667,84.33895969390869,124.82046928405761
Graine de tournesol ,0,6248.76906563895,5591.8011474609375,6434.720874023437
Graine de tournesol ,1,4398.902216157459,3946.110870361328,4668.189526367188
Graine de tournesol ,2,4270.331482514881,3867.5179138183594,4528.077050781249
Graine de tournesol ,3,3575.05698445638,3244.897497558594,3763.8653869628906
Graine de tournesol ,4,4254.304541306268,3954.881140136719,4440.221923828125
Graine de tournesol ,5,4015.1111214773996,3728.3562927246094,4174.278601074218
Graine de tournesol ,6,1.5258640805880228,1.3537277460098267,1.624939203262329
Graine de tournesol ,7,1.5070133798179173,1.3236726015806197,1.621851396560669
Graine de tournesol ,8,22.545967332522075,18.052821731567384,26.573569011688228
Graine de tournesol ,9,65.20975021634783,61.30729398727417,68.6332612991333
Graine de tournesol ,10,48.58795642966316,20.376321458816527,73.03962535858153
Grignon d'olive,0,4120.430855887277,3643.897979736328,4756.351818847656
Grignon d'olive,1,1582.6461292085194,798.132698059082,2127.394842529297
Grignon d'olive,2,1476.0467878069196,792.0327331542969,2016.24931640625
Grignon d'olive,3,887.1105383010138,422.1315284729004,1437.77978515625
Grignon d'olive,4,912.6231034778414,516.0983047485352,1368.7568634033205
Grignon d'olive,5,859.893567039853,540.2457855224609,1262.9537231445313
Grignon d'olive,6,0.2257892836788891,0.0009352478169603333,0.4510477356612683
Grignon d'olive,7,0.11503511654972542,-0.11151197385042905,0.2765256673097611
Grignon d'olive,8,19.02801556360154,10.658263182640075,28.656591558456423
Grignon d'olive,9,48.808295867556616,36.12998714447021,62.19028987884521
Grignon d'olive,10,-34.45811938558306,-45.35970478057861,-11.192629313468931
Lactosérum réengraissé,0,4341.599343985098,4076.9321716308596,4611.850427246093
Lactosérum réengraissé,1,4100.445139793113,3851.383544921875,4353.970703125
Lactosérum réengraissé,2,3979.5439516420715,3742.1271789550783,4207.299816894531
Lactosérum réengraissé,3,3189.205110677083,2909.622100830078,3504.153405761718
Lactosérum réengraissé,4,2752.559377260561,2495.4174743652343,3079.206414794922
Lactosérum réengraissé,5,2755.3914071542245,2478.9387023925783,3077.102600097656
Lactosérum réengraissé,6,1.3126655099568543,1.2035527884960175,1.4364885687828064
Lactosérum réengraissé,7,1.3642104866328062,1.2402471989393233,1.5103746205568314
Lactosérum réengraissé,8,17.65228391046877,12.056877875328064,23.382002782821655
Lactosérum réengraissé,9,75.93113359521936,71.61322021484375,82.36743507385253
Lactosérum réengraissé,10,19.064028733899747,-21.0198616027832,65.08089389801026
Lactosérum écrèmé déshydraté (doux ou acide),0,3666.788126627604,3516.1494140625,3866.407678222656
Lactosérum écrèmé déshydraté (doux ou acide),1,3563.4711950543283,3440.798724365234,3692.718505859375
Lactosérum écrèmé déshydraté (doux ou acide),2,3459.3388032058187,3344.3478271484373,3587.770263671875
Lactosérum écrèmé déshydraté (doux ou acide),3,2782.855890523976,2699.874951171875,2887.41650390625
Lactosérum écrèmé déshydraté (doux ou acide),4,1962.5680362394487,1860.5462921142578,2079.458605957031
Lactosérum écrèmé déshydraté (doux ou acide),5,1961.6038481613684,1861.01904296875,2073.8898986816407
Lactosérum écrèmé déshydraté (doux ou acide),6,1.0467626072209457,0.9970094159245491,1.1049884349107741
Lactosérum écrèmé déshydraté (doux ou acide),7,1.074479819645827,1.0235739290714263,1.1306315571069718
Lactosérum écrèmé déshydraté (doux ou acide),8,13.868417472400884,11.218690657615662,17.44875531196594
Lactosérum écrèmé déshydraté (doux ou acide),9,75.0322233792009,72.25781021118163,78.54372444152833
Lactosérum écrèmé déshydraté (doux ou acide),10,-12.869022931783705,-29.81039810180664,19.490437269210812
Levure de brasserie déshydratée,0,4432.9352433746935,4210.698937988282,4656.548291015625
Levure de brasserie déshydratée,1,3712.5290556066175,3352.4346252441405,3905.5218261718746
Levure de brasserie déshydratée,2,3417.590659466912,3087.545721435547,3635.953936767578
Levure de brasserie déshydratée,3,2200.197327378217,1995.5323181152344,2445.0746459960938
Levure de brasserie déshydratée,4,2909.234139476103,2687.71240234375,3096.968634033203
Levure de brasserie déshydratée,5,2910.873251761642,2676.7466796875,3073.9775573730467
Levure de brasserie déshydratée,6,1.090327481662526,0.9918026968836784,1.183156555891037
Levure de brasserie déshydratée,7,1.080674329925986,0.9795955047011375,1.1862784713506698
Levure de brasserie déshydratée,8,82.85684591555128,65.01746921539306,99.43840789794922
Levure de brasserie déshydratée,9,134.91690211576574,115.17091217041016,148.8614086151123
Levure de brasserie déshydratée,10,254.81508896771598,159.2940414428711,303.01846542358396
Lupin générique ,0,4430.593479410807,4000.0161682128905,4631.507336425781
Lupin générique ,1,3495.4557001749677,3147.2715393066405,3773.601806640625
Lupin générique ,2,3251.2307726542153,2955.7473754882812,3459.642333984375
Lupin générique ,3,2097.6680130004884,1886.4312377929687,2249.6248779296875
Lupin générique ,4,2256.0430066426593,2015.9966186523438,2469.175750732422
Lupin générique ,5,2204.5830843607587,1971.1689910888672,2408.239221191406
Lupin générique ,6,1.2188386580596366,1.100772613286972,1.3135348558425903
Lupin générique ,7,1.2376130099097888,1.108693289756775,1.3387208342552184
Lupin générique ,8,51.62981306711833,40.47074060440063,73.10585021972656
Lupin générique ,9,105.87573239008586,93.19158992767333,130.91309089660643
Lupin générique ,10,172.5375695625941,97.71571998596191,258.40670623779295
"Luzerne déshydratée, générique ",0,4098.188268386677,3962.8328125,4322.355712890625
"Luzerne déshydratée, générique ",1,1771.0922734742524,1597.9718017578125,2047.6408599853514
"Luzerne déshydratée, générique ",2,1649.5784339822749,1495.0425933837892,1894.6355895996091
"Luzerne déshydratée, générique ",3,916.8015300791751,810.6963500976562,1102.501986694336
"Luzerne déshydratée, générique ",4,1124.8715713993195,1021.7301177978516,1278.6922302246094
"Luzerne déshydratée, générique ",5,1098.9088101951024,989.6424255371094,1247.1029052734375
"Luzerne déshydratée, générique ",6,0.6813627284060242,0.6125284820795059,0.8032712772488594
"Luzerne déshydratée, générique ",7,0.6055405302714276,0.5280913710594177,0.7636804103851317
"Luzerne déshydratée, générique ",8,46.009117700720346,35.92239122390747,59.369322776794434
"Luzerne déshydratée, générique ",9,88.81262330086001,80.17202987670899,101.91860446929931
"Luzerne déshydratée, générique ",10,15.764627501781108,-0.8735791623592376,39.51940231323242
"Manioc, amidon 70-74 % ",0,3542.530786895752,3430.33154296875,3747.2994201660154
"Manioc, amidon 70-74 % ",1,3086.1522112528482,2899.1599975585937,3467.013781738281
"Manioc, amidon 70-74 % ",2,3018.4197405497234,2821.8723876953127,3399.443359375
"Manioc, amidon 70-74 % ",3,2458.1273984273275,2341.0947387695314,2702.194689941406
"Manioc, amidon 70-74 % ",4,2920.5183428446453,2769.613525390625,3282.4421508789064
"Manioc, amidon 70-74 % ",5,2920.0773483276366,2784.2978637695314,3315.694787597656
"Manioc, amidon 70-74 % ",6,0.9257809062177936,0.8777269795536995,1.0441073834896086
"Manioc, amidon 70-74 % ",7,0.929669508524239,0.8703420549631119,1.0538315773010254
"Manioc, amidon 70-74 % ",8,9.550052773952483,5.6817538142204285,12.942409443855286
"Manioc, amidon 70-74 % ",9,59.50054471095403,55.23411073684692,63.89604568481445
"Manioc, amidon 70-74 % ",10,-75.812158203125,-84.10455493927002,-66.68759441375732
Marc ou pulpe de raisin déshydraté,0,4300.945634765625,4081.892193603516,4625.517834472656
Marc ou pulpe de raisin déshydraté,1,1980.6258912760416,1740.0201416015625,2198.4203552246095
Marc ou pulpe de raisin déshydraté,2,1849.8682682291667,1634.1519561767577,2073.0952880859377
Marc ou pulpe de raisin déshydraté,3,1138.6057669270833,989.9259368896485,1284.9207000732422
Marc ou pulpe de raisin déshydraté,4,1154.1653714192707,1008.1692901611328,1298.4810913085937
Marc ou pulpe de raisin déshydraté,5,1090.9321438802083,953.9532699584961,1229.480224609375
Marc ou pulpe de raisin déshydraté,6,0.3464062864780426,0.3089307337999344,0.394918967038393
Marc ou pulpe de raisin déshydraté,7,0.23219062465429305,0.19568395875394345,0.28230063393712035
Marc ou pulpe de raisin déshydraté,8,15.90817805480957,13.139953684806823,22.167944860458373
Marc ou pulpe de raisin déshydraté,9,50.67177304585775,47.25770950317383,59.52747764587402
Marc ou pulpe de raisin déshydraté,10,-39.6897790590922,-44.87849140167236,-15.39849405288697
Maïs ,0,3765.432640438988,3680.198907470703,3861.51123046875
Maïs ,1,3295.1719837007067,3169.707867431641,3390.650109863281
Maïs ,2,3219.924663144066,3086.6768127441405,3305.524169921875
Maïs ,3,2592.4204976399737,2481.137976074219,2656.6038330078127
Maïs ,4,3150.4355195545013,3074.702392578125,3198.6040893554687
Maïs ,5,3084.6105041503906,3016.495886230469,3130.8617614746095
Maïs ,6,1.0842865164081255,1.0161070644855499,1.1176030784845352
Maïs ,7,1.1132394076812835,1.0125757902860641,1.1466383934020996
Maïs ,8,34.1696371623448,32.546275520324706,36.449415588378905
Maïs ,9,78.94311007545107,76.82543087005615,81.7022834777832
Maïs ,10,-48.503253455389114,-51.765072631835935,-43.841213893890384
Mélasse de canne ou de betterave,0,2551.3646940867106,2178.949566650391,2775.336004638672
Mélasse de canne ou de betterave,1,2166.981826146444,1811.1094665527344,2393.421142578125
Mélasse de canne ou de betterave,2,2120.3848457336426,1815.4460876464843,2336.344598388672
Mélasse de canne ou de betterave,3,1482.0168437957764,1275.7451141357421,1639.629638671875
Mélasse de canne ou de betterave,4,2287.281751378377,2034.3558319091796,2569.012176513671
Mélasse de canne ou de betterave,5,2285.660630544027,2037.2828704833985,2608.038934326172
Mélasse de canne ou de betterave,6,0.56562687739109,0.45357569456100466,0.6415627986192703
Mélasse de canne ou de betterave,7,0.5463830596146484,0.44037008583545684,0.6321706384420395
Mélasse de canne ou de betterave,8,2.0687827795200673,-0.46245232746005055,5.963233470916748
Mélasse de canne ou de betterave,9,41.42248891691367,33.29320735931397,48.24509534835814
Mélasse de canne ou de betterave,10,-21.925770353145587,-48.39574432373047,9.545412445068346
Orge ,0,3790.426052308694,3689.744989013672,3916.835760498047
Orge ,1,3042.1933233799077,2970.2801147460937,3150.292095947266
Orge ,2,2950.3612411107774,2884.245458984375,3059.3627319335938
Orge ,3,2273.547854692508,2235.409912109375,2339.311669921875
Orge ,4,2776.4368765024037,2736.0065734863283,2832.0603271484374
Orge ,5,2639.0194470527845,2597.017333984375,2688.359619140625
Orge ,6,0.9615526929115638,0.9385901689529419,1.002445963025093
Orge ,7,0.9577063027864847,0.9302930787205697,0.9994511425495147
Orge ,8,24.579362788567177,21.382297706604003,27.643085479736328
Orge ,9,74.16680210798215,70.41672592163086,77.18213653564453
Orge ,10,-22.95081073320829,-33.53068914413452,-12.931502032279969
Paille de blé,0,3831.0355765393983,3215.0886474609374,4070.2035827636714
Paille de blé,1,578.0999245264197,523.3890991210938,630.9635604858398
Paille de blé,2,524.7055814025223,466.6332412719727,568.904898071289
Paille de blé,3,223.19562683105468,177.62858505249022,277.93629913330074
Paille de blé,4,451.88181601903773,377.05052947998047,573.4679595947266
Paille de blé,5,439.96726933961276,367.93052368164064,549.52880859375
Paille de blé,6,0.4385666628999095,0.3994591236114502,0.477863921970129
Paille de blé,7,0.3415117326603141,0.30291951149702073,0.3771030604839325
Paille de blé,8,9.916939075275135,5.155121326446533,13.601688909530639
Paille de blé,9,48.13562878434376,38.914486503601076,54.27907943725586
Paille de blé,10,-57.04225003642421,-64.86880054473878,-48.39068784713746
Pois ,0,3805.3429036458333,3713.7202697753905,3952.070391845703
Pois ,1,3334.2914798460147,3263.1572265625,3483.695867919922
Pois ,2,3181.968121957088,3120.460693359375,3327.158203125
Pois ,3,2340.901609912817,2284.105920410156,2389.146484375
Pois ,4,2520.214000580276,2450.2428588867188,2579.59013671875
Pois ,5,2459.4698606629304,2410.084228515625,2506.0754943847655
Pois ,6,1.0429523237373517,1.02080138027668,1.0837016105651855
Pois ,7,1.059712956349055,1.0375899463891982,1.0984526306390763
Pois ,8,34.19983186860016,31.22430024147034,38.318905925750734
Pois ,9,85.00307180432306,81.71595916748046,91.93822803497315
Pois ,10,69.48312317115673,57.627841567993165,80.11739120483398
"Pois chiche, type Kabuli ",0,4107.2328799293155,3896.2768798828124,4377.233215332031
"Pois chiche, type Kabuli ",1,3535.1514724004837,3394.0633911132813,3687.672900390625
"Pois chiche, type Kabuli ",2,3391.242510114397,3242.4646179199217,3524.9359741210938
"Pois chiche, type Kabuli ",3,2527.912663341704,2391.294110107422,2622.802941894531
"Pois chiche, type Kabuli ",4,3072.766002255394,2858.9266845703123,3193.613568115234
"Pois chiche, type Kabuli ",5,3018.361721075149,2832.2119140625,3132.9456481933594
"Pois chiche, type Kabuli ",6,1.1428789155823844,1.0841928154230118,1.2000586688518524
"Pois chiche, type Kabuli ",7,1.165106612443924,1.110710796713829,1.2187092810869216
"Pois chiche, type Kabuli ",8,37.67354593731108,34.177528381347656,48.28169574737548
"Pois chiche, type Kabuli ",9,87.59141120910644,82.06254901885987,97.51117000579833
"Pois chiche, type Kabuli ",10,64.36247143518356,49.517666244506835,89.38551692962646
Poudre de lait entier,0,5074.190433443509,4988.056640625,5150.0732421875
Poudre de lait entier,1,4748.428720953526,4687.400390625,4810.951452636718
Poudre de lait entier,2,4587.931502278646,4538.43935546875,4633.183825683594
Poudre de lait entier,3,3614.89791416266,3503.4001281738283,3728.069860839844
Poudre de lait entier,4,3349.504096867488,3222.751953125,3461.617919921875
Poudre de lait entier,5,3349.4200311122795,3221.4118225097654,3462.612060546875
Poudre de lait entier,6,1.6048722212131208,1.577305442094803,1.6300976276397705
Poudre de lait entier,7,1.6822130693839146,1.6566057622432708,1.7084484100341797
Poudre de lait entier,8,26.185472819744014,19.547464656829835,33.61252784729004
Poudre de lait entier,9,84.82488457117326,79.21457500457764,91.63147354125977
Poudre de lait entier,10,77.60380175174811,30.90674285888672,122.65716590881347
Pulpe d'agrumes déshydratée ,0,3767.471712890625,3613.235479736328,3873.134161376953
Pulpe d'agrumes déshydratée ,1,2854.5152568359376,2725.601458740234,2951.40185546875
Pulpe d'agrumes déshydratée ,2,2741.462734049479,2603.1923950195314,2831.2719970703124
Pulpe d'agrumes déshydratée ,3,1807.8875693359375,1720.942544555664,1871.7966369628905
Pulpe d'agrumes déshydratée ,4,1456.5426909179687,1343.7557983398438,1561.8420471191407
Pulpe d'agrumes déshydratée ,5,1421.435906575521,1315.3800048828125,1528.777471923828
Pulpe d'agrumes déshydratée ,6,0.9947145822048187,0.9547668933868408,1.0233879089355469
Pulpe d'agrumes déshydratée ,7,1.002540362993876,0.9600544527173043,1.0378840148448945
Pulpe d'agrumes déshydratée ,8,18.937578659057618,15.549436140060426,22.26837840080261
Pulpe d'agrumes déshydratée ,9,71.19032716878255,67.7377269744873,74.3000717163086
Pulpe d'agrumes déshydratée ,10,-54.807285329182946,-59.778935718536374,-49.98091621398926
Pulpe de betterave déshydratée ,0,3642.142743296682,3528.5523010253905,3807.6058837890623
Pulpe de betterave déshydratée ,1,2573.487604588638,2492.914697265625,2686.4726135253904
Pulpe de betterave déshydratée ,2,2427.2875391830635,2347.642578125,2517.8982421875
Pulpe de betterave déshydratée ,3,1479.9730556158372,1423.5384429931642,1546.08154296875
Pulpe de betterave déshydratée ,4,701.1682177131559,642.8804290771484,793.7327194213867
Pulpe de betterave déshydratée ,5,694.4180619604793,634.7904052734375,783.4103576660157
Pulpe de betterave déshydratée ,6,0.9221369627817178,0.8989320129156113,0.9558560848236084
Pulpe de betterave déshydratée ,7,0.9172709537876977,0.8960660964250564,0.9478953018784523
Pulpe de betterave déshydratée ,8,30.231444045643748,26.642253351211547,34.93652153015137
Pulpe de betterave déshydratée ,9,82.77810073664159,77.87050247192383,87.82279777526855
Pulpe de betterave déshydratée ,10,-48.213331782965014,-54.656972599029544,-36.39749746322632
Radicelles d'orge de brasserie déshydratées ,0,3999.6791777111234,3813.619708251953,4326.744006347656
Radicelles d'orge de brasserie déshydratées ,1,2446.086457752046,2255.1253662109375,2772.055419921875
Radicelles d'orge de brasserie déshydratées ,2,2272.177109636579,2121.8874694824217,2521.443878173828
Radicelles d'orge de brasserie déshydratées ,3,1495.0271942138672,1392.3416473388672,1662.9206237792969
Radicelles d'orge de brasserie déshydratées ,4,1814.5388039725167,1708.8228271484375,2011.4915771484375
Radicelles d'orge de brasserie déshydratées ,5,1800.15787949335,1683.2666107177733,2017.1317901611328
Radicelles d'orge de brasserie déshydratées ,6,0.8218889447195189,0.7745035290718079,0.9030656486749649
Radicelles d'orge de brasserie déshydratées ,7,0.7729593956754321,0.7255558475852013,0.8592332825064659
Radicelles d'orge de brasserie déshydratées ,8,47.990852537609285,37.05307931900025,65.93254032135009
Radicelles d'orge de brasserie déshydratées ,9,95.66613354455858,84.12606163024903,116.08516235351563
Radicelles d'orge de brasserie déshydratées ,10,73.14185235613868,27.229179763793947,117.12130889892578
Remoulage de blé tendre (tous) ,0,4057.8640670211225,3940.743017578125,4227.441906738281
Remoulage de blé tendre (tous) ,1,2810.2465027608987,2638.09033203125,2987.4108642578126
Remoulage de blé tendre (tous) ,2,2683.402781394676,2526.2031799316405,2866.2057250976563
Remoulage de blé tendre (tous) ,3,1948.1808773087866,1701.084716796875,2195.0158569335936
Remoulage de blé tendre (tous) ,4,2207.853358742043,2023.93994140625,2405.165295410156
Remoulage de blé tendre (tous) ,5,2129.534756733459,1972.5051177978517,2276.380694580078
Remoulage de blé tendre (tous) ,6,0.9163193702697754,0.872593691945076,0.9558088779449463
Remoulage de blé tendre (tous) ,7,0.8870132720028913,0.8301909565925598,0.9361256286501884
Remoulage de blé tendre (tous) ,8,32.19470267119231,25.43515396118164,37.80789585113525
Remoulage de blé tendre (tous) ,9,80.65656759944963,74.76141700744628,85.65711307525635
Remoulage de blé tendre (tous) ,10,22.725552058454465,-0.7448896676301956,48.21327695846557
Riz,0,3812.8468955844055,3684.7522827148437,4150.888427734375
Riz,1,3519.920485313266,2852.259765625,3798.260137939453
Riz,2,3440.8875325520835,2825.182403564453,3729.5337036132814
Riz,3,2793.280198280484,2380.5705627441407,2990.8850646972655
Riz,4,3385.065562768076,2865.5317321777343,3603.404650878906
Riz,5,3322.943292834712,2762.3256774902343,3529.898791503906
Riz,6,1.0867867799366222,0.8943391785025596,1.1908705472946166
Riz,7,1.1135484908141342,0.8828156143426895,1.2212733656167984
Riz,8,20.598876053679223,15.06276457309723,23.827078199386595
Riz,9,69.52358361786487,57.343250370025636,75.83371238708496
Riz,10,-36.78683865117092,-46.71998357772827,-25.163150787353516
Seigle ,0,3781.8734708396337,3646.6611083984376,3985.855303955078
Seigle ,1,3240.397875189012,3168.0646118164063,3357.6444763183595
Seigle ,2,3139.7269788516464,3078.7536193847654,3224.616809082031
Seigle ,3,2420.2542974000335,2377.56220703125,2473.923712158203
Seigle ,4,2776.874562121976,2697.2366149902346,2847.1601501464843
Seigle ,5,2378.6511658371137,2298.8701782226562,2450.0490478515626
Seigle ,6,1.0489066733467964,1.0168399125337602,1.099311003088951
Seigle ,7,1.0682410596519387,1.0374854028224945,1.1149412482976913
Seigle ,8,18.505384365204844,15.682577085494994,23.350477743148804
Seigle ,9,72.41940168155136,68.8419792175293,76.3994794845581
Seigle ,10,-27.027652786111318,-40.62671051025391,-7.87031301259995
Son de blé tendre ,0,3957.666902367863,3899.7578308105467,4075.7119079589843
Son de blé tendre ,1,2298.4890825436437,1875.8211181640625,2499.1065490722654
Son de blé tendre ,2,2181.2933247130595,1793.7494201660156,2370.5649475097657
Son de blé tendre ,3,1542.468296832803,1277.1485229492187,1671.655172729492
Son de blé tendre ,4,1740.745935812114,1378.8747131347657,1896.0659851074217
Son de blé tendre ,5,1660.8397504641687,1308.1286987304688,1811.2946685791014
Son de blé tendre ,6,0.8060470013706772,0.7457131892442703,0.845828278362751
Son de blé tendre ,7,0.7596772681783747,0.6893850669264794,0.806700326502323
Son de blé tendre ,8,30.63288640151789,24.690921783447266,34.05749034881592
Son de blé tendre ,9,76.52918765221114,70.95279445648194,80.29644107818604
Son de blé tendre ,10,20.16824865223449,-3.514873719215393,29.744448375701904
Son de maïs,0,4407.216251066361,4067.166864013672,4815.316821289062
Son de maïs,1,3016.4287491020114,2073.911492919922,3632.8460449218746
Son de maïs,2,2914.958658573545,2062.757781982422,3505.9873779296877
Son de maïs,3,2221.1087871683053,1646.2677154541016,2626.636578369141
Son de maïs,4,2669.630172413793,1916.1546264648437,3168.3584899902344
Son de maïs,5,2590.224881858387,1926.7624206542969,3076.3525146484376
Son de maïs,6,1.172540115145431,0.9778432935476303,1.325568437576294
Son de maïs,7,1.1781998604193502,0.966739185154438,1.3426340818405151
Son de maïs,8,59.556828707114036,43.28365001678467,75.09050350189209
Son de maïs,9,107.61713982943832,89.90185737609863,125.7960147857666
Son de maïs,10,-54.87823601536367,-62.229545974731444,22.46170620918271
"Son de riz, huile < 5 %",0,3704.057082297585,3517.5073364257814,3974.741888427734
"Son de riz, huile < 5 %",1,2085.172583285245,1078.777017211914,2674.0365783691404
"Son de riz, huile < 5 %",2,1992.8600742224492,1009.8896026611328,2554.465753173828
"Son de riz, huile < 5 %",3,1331.1126576279148,592.1746276855469,1779.3348907470704
"Son de riz, huile < 5 %",4,1565.574355616714,771.0918014526367,2032.4591064453125
"Son de riz, huile < 5 %",5,1517.6042153098367,722.3912719726562,1978.4553955078125
"Son de riz, huile < 5 %",6,0.4892744658345526,0.24321432821452618,0.6412647396326066
"Son de riz, huile < 5 %",7,0.4067133513801364,0.14999029748141765,0.5761777877807617
"Son de riz, huile < 5 %",8,43.09988434675968,13.930610370635986,64.42001514434814
"Son de riz, huile < 5 %",9,79.31406058109168,47.01524753570557,102.35149688720703
"Son de riz, huile < 5 %",10,-6.478046998629967,-40.12696208953857,20.786844730377187
"Son de riz, huile > 5 %",0,4509.614659627278,3878.8805297851563,4936.19619140625
"Son de riz, huile > 5 %",1,3118.1678458531696,1621.5925903320315,3576.5650451660154
"Son de riz, huile > 5 %",2,3017.4154624938965,1626.6085205078125,3462.8534301757804
"Son de riz, huile > 5 %",3,2319.981929461161,1316.3362731933594,2676.264697265625
"Son de riz, huile > 5 %",4,2595.9065450032554,1544.4566680908204,2945.766076660156
"Son de riz, huile > 5 %",5,2504.5827260335286,1524.4876953125,2847.0455139160154
"Son de riz, huile > 5 %",6,0.8688559314546486,0.4852549277245998,1.011797758936882
"Son de riz, huile > 5 %",7,0.8044682073950147,0.38670083954930307,0.955807340145111
"Son de riz, huile > 5 %",8,33.31370391448339,15.081117701530458,40.77107934951782
"Son de riz, huile > 5 %",9,73.62057321866354,45.90645723342895,83.18320083618164
"Son de riz, huile > 5 %",10,7.33480985617886,-23.788400983810426,21.557708740234375
Sorgho ,0,3875.079202348758,3796.305499267578,4005.587683105469
Sorgho ,1,3377.8622035882413,3317.6359924316407,3491.9677734375
Sorgho ,2,3294.27157045022,3239.409326171875,3407.6363220214844
Sorgho ,3,2605.5361428285255,2561.807513427734,2696.8642578125
Sorgho ,4,3296.779126915565,3215.018798828125,3403.072021484375
Sorgho ,5,3231.239895708133,3154.397216796875,3337.3255859375
Sorgho ,6,1.0516164131653614,1.0321096241474152,1.0856219291687013
Sorgho ,7,1.0653682430585225,1.047529274225235,1.099328202009201
Sorgho ,8,40.58820715928689,34.02589588165283,45.52855424880981
Sorgho ,9,84.04331699273526,78.076296043396,89.02339534759521
Sorgho ,10,-40.71421530796931,-47.728457832336424,-33.66122369766236
"Tourteau d'arachide, huile < 5 %, cellulose brute > 9 % ",0,4368.468488226997,4144.963525390625,4500.055615234374
"Tourteau d'arachide, huile < 5 %, cellulose brute > 9 % ",1,3321.008457212095,3001.860314941406,3527.6297363281246
"Tourteau d'arachide, huile < 5 %, cellulose brute > 9 % ",2,3045.259300627532,2746.31591796875,3229.2666992187496
"Tourteau d'arachide, huile < 5 %, cellulose brute > 9 % ",3,1850.914884214048,1690.650732421875,1977.1843444824215
"Tourteau d'arachide, huile < 5 %, cellulose brute > 9 % ",4,2404.214051423249,2121.045037841797,2551.7929626464843
"Tourteau d'arachide, huile < 5 %, cellulose brute > 9 % ",5,2391.053323477286,2126.7251098632814,2548.554278564453
"Tourteau d'arachide, huile < 5 %, cellulose brute > 9 % ",6,0.8802832362828431,0.7502410635352135,0.9635313853621482
"Tourteau d'arachide, huile < 5 %, cellulose brute > 9 % ",7,0.8243120243151982,0.6724634066224099,0.9335647806525227
"Tourteau d'arachide, huile < 5 %, cellulose brute > 9 % ",8,132.46933926476373,118.72338104248047,152.19647865295408
"Tourteau d'arachide, huile < 5 %, cellulose brute > 9 % ",9,177.3912402682834,164.3378963470459,195.6085136413574
"Tourteau d'arachide, huile < 5 %, cellulose brute > 9 % ",10,238.30917939080132,210.9082359313965,281.9597473144531
"Tourteau de colza, huile 5-20 % ",0,4654.044405691964,4288.428796386719,4761.932922363281
"Tourteau de colza, huile 5-20 % ",1,3277.3886585053942,3061.03701171875,3486.5650939941406
"Tourteau de colza, huile 5-20 % ",2,3058.2552359444753,2853.6320190429688,3235.367407226562
"Tourteau de colza, huile 5-20 % ",3,2062.2126055036274,1843.9289489746093,2180.5265686035154
"Tourteau de colza, huile 5-20 % ",4,2297.3333602178664,2072.7880676269533,2385.096319580078
"Tourteau de colza, huile 5-20 % ",5,1985.7313954671224,1848.9645965576171,2069.595458984375
"Tourteau de colza, huile 5-20 % ",6,1.0529020298804557,0.9617864951491356,1.0880655735731124
"Tourteau de colza, huile 5-20 % ",7,1.0202793558438619,0.9260977014899254,1.0598607957363129
"Tourteau de colza, huile 5-20 % ",8,79.46418162754604,74.54617309570312,87.63705654144287
"Tourteau de colza, huile 5-20 % ",9,127.07027425311861,121.61251831054688,134.54913330078125
"Tourteau de colza, huile 5-20 % ",10,139.1297273454212,124.8898588180542,165.55132484436035
"Tourteau de colza, huile < 5 % ",0,4188.799694281684,4069.648333740234,4244.447302246093
"Tourteau de colza, huile < 5 % ",1,2931.337227918837,2774.1322814941404,3013.494921875
"Tourteau de colza, huile < 5 % ",2,2695.9477612304686,2554.3393981933596,2765.4872436523438
"Tourteau de colza, huile < 5 % ",3,1647.3015243869359,1570.5576385498048,1683.4583740234375
"Tourteau de colza, huile < 5 % ",4,1631.560909016927,1605.1423828125,1681.9733612060545
"Tourteau de colza, huile < 5 % ",5,1449.2718589952258,1422.5560241699218,1491.4069427490235
"Tourteau de colza, huile < 5 % ",6,0.8994622013966243,0.8644962012767792,0.91683030128479
"Tourteau de colza, huile < 5 % ",7,0.8572308986054527,0.8152535155415535,0.8765542209148407
"Tourteau de colza, huile < 5 % ",8,87.1086712858412,75.79354496002198,92.95321292877198
"Tourteau de colza, huile < 5 % ",9,134.23175878736708,122.77967643737793,140.3988800048828
"Tourteau de colza, huile < 5 % ",10,162.69837700737847,137.04195137023925,174.8279773712158
"Tourteau de coprah, huile 5-20% ",0,4367.5722930908205,4139.865649414062,4660.614709472657
"Tourteau de coprah, huile 5-20% ",1,3300.494646199544,3021.4243347167967,3599.4684326171873
"Tourteau de coprah, huile 5-20% ",2,3115.3820877075195,2852.708056640625,3432.1144165039063
"Tourteau de coprah, huile 5-20% ",3,2044.696337000529,1840.4524047851562,2354.602807617187
"Tourteau de coprah, huile 5-20% ",4,1864.364471054077,1703.3345947265625,2127.566235351562
"Tourteau de coprah, huile 5-20% ",5,1768.9238333384196,1621.5798950195312,1997.0039306640624
"Tourteau de coprah, huile 5-20% ",6,1.0120711987217268,0.8832732543349266,1.1474720329046249
"Tourteau de coprah, huile 5-20% ",7,0.9837101732691129,0.8344897106289864,1.124346700310707
"Tourteau de coprah, huile 5-20% ",8,85.99038817882538,72.22995281219482,100.17563705444336
"Tourteau de coprah, huile 5-20% ",9,132.84113245010377,118.23082408905029,147.0046085357666
"Tourteau de coprah, huile 5-20% ",10,18.861728890998833,0.23923795074224485,39.190125846862784
"Tourteau de coton, huile 5-20 %",0,4721.3528557376585,4172.606506347656,4987.754138183594
"Tourteau de coton, huile 5-20 %",1,2966.363382090693,2493.357012939453,3455.886474609375
"Tourteau de coton, huile 5-20 %",2,2761.191255873528,2374.9809143066404,3205.554864501953
"Tourteau de coton, huile 5-20 %",3,1755.820701709692,1494.7071807861328,2028.7255828857421
"Tourteau de coton, huile 5-20 %",4,2098.7530022220335,1740.55029296875,2423.3309936523433
"Tourteau de coton, huile 5-20 %",5,2009.535105298913,1674.47333984375,2362.1455932617187
"Tourteau de coton, huile 5-20 %",6,0.9189582163009091,0.7989880308508873,1.052593359351158
"Tourteau de coton, huile 5-20 %",7,0.8524089563583982,0.7074136003851891,1.002606415748596
"Tourteau de coton, huile 5-20 %",8,108.73662066252335,74.5379451751709,144.26755638122557
"Tourteau de coton, huile 5-20 %",9,151.60472509411798,115.49162483215332,189.49908714294432
"Tourteau de coton, huile 5-20 %",10,105.15730846239173,51.478945064544675,154.89785079956056
"Tourteau de coton, huile < 5 %",0,4441.547715053764,4235.435070800781,4692.090979003906
"Tourteau de coton, huile < 5 %",1,3169.0207606161794,2396.4803100585937,3671.3173950195314
"Tourteau de coton, huile < 5 %",2,2890.0159723097277,2185.2566833496094,3357.613739013672
"Tourteau de coton, huile < 5 %",3,1746.6015857327368,1266.7842163085938,2087.243054199219
"Tourteau de coton, huile < 5 %",4,2052.3625053815945,1507.158609008789,2481.2780639648436
"Tourteau de coton, huile < 5 %",5,2028.3986303185904,1511.0593841552734,2432.215264892578
"Tourteau de coton, huile < 5 %",6,0.972355156944644,0.7566650941967964,1.1628069460391999
"Tourteau de coton, huile < 5 %",7,0.9362676905047509,0.6802283138036728,1.1637422651052476
"Tourteau de coton, huile < 5 %",8,142.53353855584257,98.30362548828126,181.76765785217282
"Tourteau de coton, huile < 5 %",9,187.44984728905462,138.18733177185058,231.0968868255615
"Tourteau de coton, huile < 5 %",10,172.21505169612107,106.02464771270752,237.91271209716797
"Tourteau de germes de maïs, huile 5-20 % ",0,4872.224565972222,4563.632312011719,4965.64921875
"Tourteau de germes de maïs, huile 5-20 % ",1,3352.5044912832755,2984.1497192382812,3504.852978515625
"Tourteau de germes de maïs, huile 5-20 % ",2,3160.4970531322338,2839.22314453125,3299.7763793945314
"Tourteau de germes de maïs, huile 5-20 % ",3,2223.6132202148438,1992.2435455322266,2345.7640747070313
"Tourteau de germes de maïs, huile 5-20 % ",4,2368.030117006655,2070.6417236328125,2519.7001098632813
"Tourteau de germes de maïs, huile 5-20 % ",5,2294.344438566985,1998.537548828125,2441.852410888672
"Tourteau de germes de maïs, huile 5-20 % ",6,1.233673596823657,1.106812086701393,1.2828923851251601
"Tourteau de germes de maïs, huile 5-20 % ",7,1.228242321809133,1.1112195432186127,1.286088466644287
"Tourteau de germes de maïs, huile 5-20 % ",8,67.81453885678891,51.2196907043457,75.86122188568115
"Tourteau de germes de maïs, huile 5-20 % ",9,119.721930553295,104.34270248413085,128.5017147064209
"Tourteau de germes de maïs, huile 5-20 % ",10,98.20559131481029,68.49940662384033,115.66718864440918
"Tourteau de germes de maïs, huile < 5 % ",0,4053.724968261719,3863.253350830078,4251.289770507812
"Tourteau de germes de maïs, huile < 5 % ",1,2819.435703938802,2731.070068359375,2926.05302734375
"Tourteau de germes de maïs, huile < 5 % ",2,2641.245029296875,2548.7702758789064,2747.429107666015
"Tourteau de germes de maïs, huile < 5 % ",3,1771.2080826822917,1695.4688232421875,1854.0290283203124
"Tourteau de germes de maïs, huile < 5 % ",4,1818.4932735188802,1725.8831939697266,1990.458758544922
"Tourteau de germes de maïs, huile < 5 % ",5,1779.8970039876301,1688.4967041015625,1937.6210144042968
"Tourteau de germes de maïs, huile < 5 % ",6,0.9999725598096848,0.9615887209773064,1.0518042862415313
"Tourteau de germes de maïs, huile < 5 % ",7,0.9886309534311295,0.9446400895714759,1.0429237097501753
"Tourteau de germes de maïs, huile < 5 % ",8,95.30810835520427,66.2031177520752,109.97787380218506
"Tourteau de germes de maïs, huile < 5 % ",9,141.0144423421224,111.94825763702393,154.54678115844726
"Tourteau de germes de maïs, huile < 5 % ",10,57.70471795399984,37.027555751800534,71.18845882415772
"Tourteau de lin, huile > 5 % ",0,4624.402311800733,4344.340161132813,4806.653210449219
"Tourteau de lin, huile > 5 % ",1,3533.65031617718,3318.713244628906,3653.368194580078
"Tourteau de lin, huile > 5 % ",2,3295.9942759572723,3094.592724609375,3410.5691772460937
"Tourteau de lin, huile > 5 % ",3,2264.5234103732637,2085.241070556641,2388.9482421875
"Tourteau de lin, huile > 5 % ",4,2515.404072928723,2321.1661987304688,2663.375
"Tourteau de lin, huile > 5 % ",5,2410.2341820987654,2258.841485595703,2522.054162597656
"Tourteau de lin, huile > 5 % ",6,1.0618976402429887,0.9846991568803787,1.1124181747436523
"Tourteau de lin, huile > 5 % ",7,1.0320775775997728,0.9564922243356705,1.0839051604270935
"Tourteau de lin, huile > 5 % ",8,114.95138792815033,105.19148502349853,129.4017032623291
"Tourteau de lin, huile > 5 % ",9,160.0367837599766,148.06787452697753,174.0545482635498
"Tourteau de lin, huile > 5 % ",10,94.60454341747143,80.52878551483154,127.16466217041015
"Tourteau de palmiste, huile 5-20% ",0,4401.353147786458,4178.0391845703125,4664.071423339844
"Tourteau de palmiste, huile 5-20% ",1,2747.9570803493925,2619.76123046875,2995.978936767578
"Tourteau de palmiste, huile 5-20% ",2,2583.849940592448,2463.6682189941407,2813.534698486328
"Tourteau de palmiste, huile 5-20% ",3,1665.0618786621094,1588.574462890625,1881.837329101562
"Tourteau de palmiste, huile 5-20% ",4,1414.3172861056858,1280.3702697753906,1811.2450592041014
"Tourteau de palmiste, huile 5-20% ",5,1326.6146298556857,1222.2391784667968,1652.4312103271482
"Tourteau de palmiste, huile 5-20% ",6,0.8673796297444237,0.8097337767481804,1.0224682271480559
"Tourteau de palmiste, huile 5-20% ",7,0.8069572508335113,0.7422491312026978,0.981772893667221
"Tourteau de palmiste, huile 5-20% ",8,67.91079252031115,51.516476249694826,75.7515146255493
"Tourteau de palmiste, huile 5-20% ",9,112.96222351074219,99.88149890899658,123.10391407012939
"Tourteau de palmiste, huile 5-20% ",10,-10.652342145492634,-20.031348848342894,4.036979806423168
"Tourteau de soja, huile < 5 %, 48 % protéine + huile ",0,4152.929764057678,4113.996728515625,4260.108312988281
"Tourteau de soja, huile < 5 %, 48 % protéine + huile ",1,3616.4109736689816,3590.85927734375,3637.8408203125
"Tourteau de soja, huile < 5 %, 48 % protéine + huile ",2,3302.4840494791665,3276.3447265625,3327.1349304199216
"Tourteau de soja, huile < 5 %, 48 % protéine + huile ",3,2045.4866622359664,2007.9437255859375,2065.08984375
"Tourteau de soja, huile < 5 %, 48 % protéine + huile ",4,2386.4892330970292,2363.970074462891,2408.86181640625
"Tourteau de soja, huile < 5 %, 48 % protéine + huile ",5,2348.042947048611,2330.6338806152344,2370.20263671875
"Tourteau de soja, huile < 5 %, 48 % protéine + huile ",6,1.122194880762218,1.1120418161153793,1.1308591097593308
"Tourteau de soja, huile < 5 %, 48 % protéine + huile ",7,1.1360999837333774,1.1235944032669067,1.1427186727523804
"Tourteau de soja, huile < 5 %, 48 % protéine + huile ",8,153.76837768554688,148.48589591979982,159.2676109313965
"Tourteau de soja, huile < 5 %, 48 % protéine + huile ",9,202.40678918155623,197.6406650543213,207.86657257080077
"Tourteau de soja, huile < 5 %, 48 % protéine + huile ",10,219.05639863190828,214.51252784729004,223.03557968139648
"Tourteau de soja, huile < 5 %, 50 % protéine + huile ",0,4141.935994185525,4078.908935546875,4575.32236328125
"Tourteau de soja, huile < 5 %, 50 % protéine + huile ",1,3595.5040033450073,3430.4393615722656,3683.204144287109
"Tourteau de soja, huile < 5 %, 50 % protéine + huile ",2,3279.690059547863,3114.3427185058595,3368.087841796875
"Tourteau de soja, huile < 5 %, 50 % protéine + huile ",3,2032.5291045090248,1942.7019348144531,2100.2919433593747
"Tourteau de soja, huile < 5 %, 50 % protéine + huile ",4,2366.295773841595,2206.816290283203,2482.3627075195313
"Tourteau de soja, huile < 5 %, 50 % protéine + huile ",5,2332.2018121127426,2182.8683959960936,2432.4189636230467
"Tourteau de soja, huile < 5 %, 50 % protéine + huile ",6,1.111584637630945,1.070694562792778,1.1441097408533096
"Tourteau de soja, huile < 5 %, 50 % protéine + huile ",7,1.1242264243378037,1.0658541917800903,1.1630558341741561
"Tourteau de soja, huile < 5 %, 50 % protéine + huile ",8,158.58962516346196,144.24417610168456,167.30906600952147
"Tourteau de soja, huile < 5 %, 50 % protéine + huile ",9,206.4790328804104,190.32410469055176,215.05074234008788
"Tourteau de soja, huile < 5 %, 50 % protéine + huile ",10,226.99352667797572,205.59549865722656,241.12804489135743
"Tourteau de tournesol, huile < 5 %, décortiqué ",0,4143.826567247179,4075.686376953125,4210.938415527344
"Tourteau de tournesol, huile < 5 %, décortiqué ",1,2636.1629150390627,2572.688299560547,2788.4824829101562
"Tourteau de tournesol, huile < 5 %, décortiqué ",2,2402.0059516059027,2343.297119140625,2538.881634521484
"Tourteau de tournesol, huile < 5 %, décortiqué ",3,1414.9975331624348,1377.7724243164062,1497.1519561767575
"Tourteau de tournesol, huile < 5 %, décortiqué ",4,1558.5017303466798,1528.1938751220703,1604.1954772949218
"Tourteau de tournesol, huile < 5 %, décortiqué ",5,1548.9985073513456,1518.9564208984375,1593.6224151611327
"Tourteau de tournesol, huile < 5 %, décortiqué ",6,0.7582507674064901,0.7406789064407349,0.8049325227737425
"Tourteau de tournesol, huile < 5 %, décortiqué ",7,0.692904885361592,0.6729412361979484,0.7499849855899811
"Tourteau de tournesol, huile < 5 %, décortiqué ",8,78.25311132007175,75.62512130737305,83.5870590209961
"Tourteau de tournesol, huile < 5 %, décortiqué ",9,122.38170514636569,119.70048675537109,127.25728435516358
"Tourteau de tournesol, huile < 5 %, décortiqué ",10,193.25651999579534,183.4467514038086,204.76814041137695
"Tourteau de tournesol, huile < 5 %, non décortiqué ",0,4053.7238288879394,3985.612268066406,4130.912939453125
"Tourteau de tournesol, huile < 5 %, non décortiqué ",1,2071.8007353464764,2017.4935638427735,2176.575604248047
"Tourteau de tournesol, huile < 5 %, non décortiqué ",2,1890.5940541585287,1844.9456848144532,1963.7957702636718
"Tourteau de tournesol, huile < 5 %, non décortiqué ",3,1070.5035479863484,1039.895278930664,1110.55498046875
"Tourteau de tournesol, huile < 5 %, non décortiqué ",4,1327.139155960083,1288.0151397705079,1436.6495086669922
"Tourteau de tournesol, huile < 5 %, non décortiqué ",5,1313.4531148274739,1279.954116821289,1394.4682373046874
"Tourteau de tournesol, huile < 5 %, non décortiqué ",6,0.6002412332842747,0.5877561703324318,0.6179047539830208
"Tourteau de tournesol, huile < 5 %, non décortiqué ",7,0.5119287458869318,0.5002053767442703,0.5363485381007195
"Tourteau de tournesol, huile < 5 %, non décortiqué ",8,56.08500134150187,53.507203578948975,59.9640790939331
"Tourteau de tournesol, huile < 5 %, non décortiqué ",9,96.22667293548584,93.40242729187011,100.78882503509521
"Tourteau de tournesol, huile < 5 %, non décortiqué ",10,132.815194439888,123.0938175201416,145.4007553100586
"Tourteau de tournesol, huile > 5 %",0,4806.177399403562,4388.604382324219,5072.038122558593
"Tourteau de tournesol, huile > 5 %",1,2768.9318663894487,2264.7847229003905,3295.371856689453
"Tourteau de tournesol, huile > 5 %",2,2591.0152880596856,2173.0165771484376,3129.4093383789063
"Tourteau de tournesol, huile > 5 %",3,1785.4194212554603,1526.3895172119142,2080.747509765625
"Tourteau de tournesol, huile > 5 %",4,2380.5198534893734,1990.6464111328125,2796.3795227050778
"Tourteau de tournesol, huile > 5 %",5,2257.0743702221944,1870.1819244384765,2684.555633544922
"Tourteau de tournesol, huile > 5 %",6,0.8444327613999767,0.6442362770438195,1.0315077304840088
"Tourteau de tournesol, huile > 5 %",7,0.7647527491533628,0.5701322197914124,0.9842777848243713
"Tourteau de tournesol, huile > 5 %",8,54.815148486885974,38.803359794616696,71.59402675628662
"Tourteau de tournesol, huile > 5 %",9,97.97051809987714,79.7210823059082,118.12616672515868
"Tourteau de tournesol, huile > 5 %",10,121.8877190210486,61.495170211791994,177.29213066101073
Triticale ,0,3706.6210858513327,3616.3268310546873,3843.3626098632812
Triticale ,1,3180.7825520833335,3144.1279296875,3254.453381347656
Triticale ,2,3084.2237759459254,3050.377569580078,3138.316931152344
Triticale ,3,2418.9381500842524,2399.3674072265626,2443.4093383789063
Triticale ,4,2930.5073689778646,2892.2775634765626,2979.2582092285156
Triticale ,5,2816.6102419385725,2783.133685302734,2852.001580810547
Triticale ,6,1.0141251352487826,0.9994014501571655,1.0358201384544372
Triticale ,7,1.0291571213334214,1.015486127138138,1.0509533286094666
Triticale ,8,21.054919197980094,17.909548473358154,27.073308372497557
Triticale ,9,73.65007335438447,70.31848983764648,76.80712146759033
Triticale ,10,-16.985833488726147,-29.94854083061218,8.146280848979941
Vinasse de levurerie,0,3056.2756606593275,2564.9552307128906,3310.1414489746094
Vinasse de levurerie,1,2302.3910934910627,1940.570330810547,2565.7449340820312
Vinasse de levurerie,2,2083.5538137724907,1747.5142700195313,2346.2854858398437
Vinasse de levurerie,3,1245.499678363222,1051.5239227294921,1397.7601470947266
Vinasse de levurerie,4,1720.646309962417,1502.675082397461,1941.4375823974608
Vinasse de levurerie,5,1721.4093043471828,1499.3499572753906,1942.026318359375
Vinasse de levurerie,6,0.6419536201339779,0.5298012137413025,0.7475267484784126
Vinasse de levurerie,7,0.6097870009866628,0.4993130385875702,0.698822771012783
Vinasse de levurerie,8,11.269090269325357,8.19165198802948,14.384442615509018
Vinasse de levurerie,9,48.24439205689864,40.22458038330078,56.57154283523558
Vinasse de levurerie,10,318.6463420521129,231.17275123596193,348.7440757751465
